[
{
        "id": 2521510,
        "name": "Aspe",
        "state": "",
        "country": "ES",
        "coord": {
            "lon": -0.76722,
            "lat": 38.345112
        }
    },
    {
        "id": 2513195,
        "name": "Novelda",
        "state": "",
        "country": "ES",
        "coord": {
            "lon": -0.76773,
            "lat": 38.384789
        }
    },
    {
        "id": 2511010,
        "name": "Sax",
        "state": "",
        "country": "ES",
        "coord": {
            "lon": -0.81779,
            "lat": 38.537289
        }
    },  {
        "id": 2511330,
        "name": "San Juan de Alicante",
        "state": "",
        "country": "ES",
        "coord": {
            "lon": -0.43623,
            "lat": 38.401482
        }
    },
    {
        "id": 2521978,
        "name": "Alicante",
        "state": "",
        "country": "ES",
        "coord": {
            "lon": -0.48149,
            "lat": 38.345169
        }
    },
    {
        "id": 2518559,
        "name": "Elche",
        "state": "",
        "country": "ES",
        "coord": {
            "lon": -0.70107,
            "lat": 38.26218
        }
    },    {
        "id": 2518505,
        "name": "Elda",
        "state": "",
        "country": "ES",
        "coord": {
            "lon": -0.79157,
            "lat": 38.477829
        }
    }, {
        "id": 2512637,
        "name": "Petrel",
        "state": "",
        "country": "ES",
        "coord": {
            "lon": -0.77549,
            "lat": 38.482891
        }
    }, {
        "id": 2513680,
        "name": "Monóvar",
        "state": "",
        "country": "ES",
        "coord": {
            "lon": -0.84062,
            "lat": 38.438091
        }
    },
    {
        "id": 2513691,
        "name": "Monforte del Cid",
        "state": "",
        "country": "ES",
        "coord": {
            "lon": -0.7285,
            "lat": 38.380268
        }
    }



]